supplier,quarter,star_rating,call_wait_s,email_resp_pct,complaints_per_10k,q,year,t
Avro Energy,Q4 2017,1.4,,,,4,2017,8071
Bristol Energy,Q4 2017,3.8,,,,4,2017,8071
British Gas,Q4 2017,4.05,120.64,,,4,2017,8071
Bulb Energy,Q4 2017,4.4,,,,4,2017,8071
Co-op Energy,Q4 2017,2.85,51.0,,,4,2017,8071
E (Gas and Electricity),Q4 2017,4.0,74.59,,,4,2017,8071
E.ON Next,Q4 2017,3.3,203.0,,,4,2017,8071
EDF Energy,Q4 2017,3.7,228.0,,,4,2017,8071
Economy Energy,Q4 2017,1.2,,,,4,2017,8071
Ecotricity,Q4 2017,2.55,255.0,,,4,2017,8071
Extra Energy,Q4 2017,1.9,,,,4,2017,8071
Flow Energy,Q4 2017,3.2,,,,4,2017,8071
Good Energy,Q4 2017,2.25,89.0,,,4,2017,8071
Green Star Energy,Q4 2017,2.2,,,,4,2017,8071
Iresa,Q4 2017,1.3,,,,4,2017,8071
Octopus Energy,Q4 2017,4.15,70.0,,,4,2017,8071
Ovo Energy,Q4 2017,3.7,137.0,,,4,2017,8071
PFP Energy,Q4 2017,2.85,,,,4,2017,8071
Robin Hood Energy,Q4 2017,2.05,,,,4,2017,8071
SSE,Q4 2017,3.95,,,,4,2017,8071
Scottish Power,Q4 2017,3.45,124.0,,,4,2017,8071
Shell Energy,Q4 2017,3.3,,,,4,2017,8071
So Energy,Q4 2017,4.7,24.0,,,4,2017,8071
Spark Energy,Q4 2017,1.9,,,,4,2017,8071
Utilita,Q4 2017,2.2,112.0,,,4,2017,8071
Utility Warehouse,Q4 2017,3.75,256.0,,,4,2017,8071
iSupply,Q4 2017,2.25,,,,4,2017,8071
npower,Q4 2017,3.6,,,,4,2017,8071
Avro Energy,Q1 2018,1.7,,,,1,2018,8072
Bristol Energy,Q1 2018,4.05,,,,1,2018,8072
British Gas,Q1 2018,4.1,68.0,,,1,2018,8072
Bulb Energy,Q1 2018,3.85,,,,1,2018,8072
Co-op Energy,Q1 2018,3.2,87.0,,,1,2018,8072
E (Gas and Electricity),Q1 2018,4.3,68.0,,,1,2018,8072
E.ON Next,Q1 2018,2.95,196.0,,,1,2018,8072
EDF Energy,Q1 2018,3.85,251.0,,,1,2018,8072
Economy Energy,Q1 2018,2.3,,,,1,2018,8072
Ecotricity,Q1 2018,2.95,224.0,,,1,2018,8072
Engie,Q1 2018,4.3,,,,1,2018,8072
Extra Energy,Q1 2018,2.1,,,,1,2018,8072
Flow Energy,Q1 2018,3.1,,,,1,2018,8072
Good Energy,Q1 2018,2.55,60.0,,,1,2018,8072
Green Network Energy,Q1 2018,4.05,,,,1,2018,8072
Green Star Energy,Q1 2018,2.2,,,,1,2018,8072
Iresa,Q1 2018,0.35,,,,1,2018,8072
Octopus Energy,Q1 2018,3.8,70.0,,,1,2018,8072
Ovo Energy,Q1 2018,3.55,95.0,,,1,2018,8072
PFP Energy,Q1 2018,2.85,,,,1,2018,8072
Robin Hood Energy,Q1 2018,1.7,,,,1,2018,8072
SSE,Q1 2018,4.25,,,,1,2018,8072
Scottish Power,Q1 2018,3.3,114.0,,,1,2018,8072
Shell Energy,Q1 2018,3.4,,,,1,2018,8072
So Energy,Q1 2018,4.8,27.0,,,1,2018,8072
Spark Energy,Q1 2018,2.0,,,,1,2018,8072
TOTO Energy,Q1 2018,1.6,,,,1,2018,8072
Tonik Energy,Q1 2018,3.85,,,,1,2018,8072
Utilita,Q1 2018,2.2,175.0,,,1,2018,8072
Utility Warehouse,Q1 2018,3.45,209.0,,,1,2018,8072
iSupply,Q1 2018,2.4,,,,1,2018,8072
npower,Q1 2018,3.4,,,,1,2018,8072
Avro Energy,Q2 2018,2.55,,,,2,2018,8073
Bristol Energy,Q2 2018,3.85,,,,2,2018,8073
British Gas,Q2 2018,4.25,65.0,,,2,2018,8073
Bulb Energy,Q2 2018,4.35,,,,2,2018,8073
Co-op Energy,Q2 2018,3.0,65.0,,,2,2018,8073
E (Gas and Electricity),Q2 2018,3.75,99.0,,,2,2018,8073
E.ON Next,Q2 2018,3.15,180.0,,,2,2018,8073
EDF Energy,Q2 2018,4.05,174.0,,,2,2018,8073
Economy Energy,Q2 2018,2.3,,,,2,2018,8073
Ecotricity,Q2 2018,3.4,131.0,,,2,2018,8073
Engie,Q2 2018,3.75,,,,2,2018,8073
Extra Energy,Q2 2018,2.5,,,,2,2018,8073
Flow Energy,Q2 2018,2.55,,,,2,2018,8073
Good Energy,Q2 2018,3.0,155.0,,,2,2018,8073
Green Network Energy,Q2 2018,4.05,,,,2,2018,8073
Green Star Energy,Q2 2018,2.1,,,,2,2018,8073
Octopus Energy,Q2 2018,4.3,52.0,,,2,2018,8073
Ovo Energy,Q2 2018,3.45,64.0,,,2,2018,8073
PFP Energy,Q2 2018,2.4,,,,2,2018,8073
Robin Hood Energy,Q2 2018,2.55,,,,2,2018,8073
SSE,Q2 2018,3.95,,,,2,2018,8073
Scottish Power,Q2 2018,3.65,77.0,,,2,2018,8073
Shell Energy,Q2 2018,3.6,,,,2,2018,8073
So Energy,Q2 2018,4.7,29.0,,,2,2018,8073
Solarplicity,Q2 2018,1.8,,,,2,2018,8073
Spark Energy,Q2 2018,2.1,,,,2,2018,8073
TOTO Energy,Q2 2018,1.45,,,,2,2018,8073
Together Energy,Q2 2018,2.5,,,,2,2018,8073
Tonik Energy,Q2 2018,3.95,,,,2,2018,8073
Utilita,Q2 2018,2.75,82.0,,,2,2018,8073
Utility Warehouse,Q2 2018,3.8,164.0,,,2,2018,8073
iSupply,Q2 2018,2.15,,,,2,2018,8073
npower,Q2 2018,3.4,,,,2,2018,8073
Avro Energy,Q3 2018,2.75,,,,3,2018,8074
Bristol Energy,Q3 2018,4.05,,,,3,2018,8074
British Gas,Q3 2018,4.15,89.0,,,3,2018,8074
Bulb Energy,Q3 2018,4.2,,,,3,2018,8074
Co-op Energy,Q3 2018,3.05,67.0,,,3,2018,8074
E (Gas and Electricity),Q3 2018,4.1,156.0,,,3,2018,8074
E.ON Next,Q3 2018,2.9,310.0,,,3,2018,8074
EDF Energy,Q3 2018,3.95,295.0,,,3,2018,8074
Economy Energy,Q3 2018,2.4,,,,3,2018,8074
Ecotricity,Q3 2018,3.4,120.0,,,3,2018,8074
Engie,Q3 2018,3.5,,,,3,2018,8074
Flow Energy,Q3 2018,2.85,,,,3,2018,8074
Good Energy,Q3 2018,3.1,168.0,,,3,2018,8074
Green Network Energy,Q3 2018,3.55,,,,3,2018,8074
Green Star Energy,Q3 2018,2.3,,,,3,2018,8074
Octopus Energy,Q3 2018,4.3,52.0,,,3,2018,8074
OneSelect,Q3 2018,1.3,,,,3,2018,8074
Outfox Energy,Q3 2018,2.25,95.0,,,3,2018,8074
Ovo Energy,Q3 2018,3.7,162.0,,,3,2018,8074
PFP Energy,Q3 2018,2.75,,,,3,2018,8074
Robin Hood Energy,Q3 2018,2.35,,,,3,2018,8074
SSE,Q3 2018,4.4,,,,3,2018,8074
Scottish Power,Q3 2018,3.65,89.0,,,3,2018,8074
Shell Energy,Q3 2018,3.6,,,,3,2018,8074
So Energy,Q3 2018,4.7,21.0,,,3,2018,8074
Solarplicity,Q3 2018,2.0,,,,3,2018,8074
Spark Energy,Q3 2018,2.1,,,,3,2018,8074
TOTO Energy,Q3 2018,2.2,,,,3,2018,8074
Together Energy,Q3 2018,2.7,,,,3,2018,8074
Tonik Energy,Q3 2018,3.45,,,,3,2018,8074
Utilita,Q3 2018,2.25,404.0,,,3,2018,8074
Utility Warehouse,Q3 2018,3.95,145.0,,,3,2018,8074
iSupply,Q3 2018,2.15,,,,3,2018,8074
npower,Q3 2018,3.15,,,,3,2018,8074
Avro Energy,Q4 2018,2.7,,,,4,2018,8075
Bristol Energy,Q4 2018,4.05,,,,4,2018,8075
British Gas,Q4 2018,3.65,110.69,,8.5,4,2018,8075
Bulb Energy,Q4 2018,3.75,,,,4,2018,8075
Co-op Energy,Q4 2018,3.05,57.53,,22.3,4,2018,8075
E (Gas and Electricity),Q4 2018,3.45,332.0,,7.7,4,2018,8075
E.ON Next,Q4 2018,3.25,242.0,,19.5,4,2018,8075
EDF Energy,Q4 2018,4.15,175.0,,9.1,4,2018,8075
Ecotricity,Q4 2018,3.15,165.0,,18.0,4,2018,8075
Engie,Q4 2018,4.15,,,,4,2018,8075
Eversmart Energy,Q4 2018,1.6,,,,4,2018,8075
Flow Energy,Q4 2018,2.8,,,,4,2018,8075
Good Energy,Q4 2018,3.0,221.0,,16.6,4,2018,8075
Green Network Energy,Q4 2018,3.55,,,,4,2018,8075
Green Star Energy,Q4 2018,2.3,,,,4,2018,8075
Igloo Energy,Q4 2018,4.1,,,,4,2018,8075
Octopus Energy,Q4 2018,3.95,62.3,,5.8,4,2018,8075
Outfox Energy,Q4 2018,1.3,333.0,,133.9,4,2018,8075
Ovo Energy,Q4 2018,3.35,205.0,,10.6,4,2018,8075
PFP Energy,Q4 2018,1.85,,,,4,2018,8075
Pure Planet,Q4 2018,1.95,,,,4,2018,8075
Robin Hood Energy,Q4 2018,2.45,,,,4,2018,8075
SSE,Q4 2018,4.4,,,,4,2018,8075
Scottish Power,Q4 2018,3.45,106.0,,41.1,4,2018,8075
Shell Energy,Q4 2018,3.4,,,,4,2018,8075
So Energy,Q4 2018,4.5,64.0,,2.2,4,2018,8075
Solarplicity,Q4 2018,2.15,,,,4,2018,8075
TOTO Energy,Q4 2018,2.2,,,,4,2018,8075
Together Energy,Q4 2018,2.4,,,,4,2018,8075
Tonik Energy,Q4 2018,3.05,,,,4,2018,8075
Utilita,Q4 2018,2.2,592.0,,17.3,4,2018,8075
Utility Point,Q4 2018,2.95,,,,4,2018,8075
Utility Warehouse,Q4 2018,3.95,133.0,,11.6,4,2018,8075
iSupply,Q4 2018,1.95,,,,4,2018,8075
npower,Q4 2018,3.15,,,,4,2018,8075
Affect Energy,Q1 2019,4.5,,,,1,2019,8076
Avro Energy,Q1 2019,2.35,,,,1,2019,8076
Breeze Energy,Q1 2019,4.45,,,,1,2019,8076
Bristol Energy,Q1 2019,3.5,,,,1,2019,8076
British Gas,Q1 2019,3.9,127.7,,10.3,1,2019,8076
Bulb Energy,Q1 2019,3.85,,,,1,2019,8076
Co-op Energy,Q1 2019,2.55,63.13,,30.4,1,2019,8076
E (Gas and Electricity),Q1 2019,2.9,359.7,,5.6,1,2019,8076
E.ON Next,Q1 2019,3.2,241.0,,26.5,1,2019,8076
EDF Energy,Q1 2019,4.15,137.0,,8.2,1,2019,8076
Ecotricity,Q1 2019,2.2,140.0,,35.6,1,2019,8076
Engie,Q1 2019,4.25,,,,1,2019,8076
Eversmart Energy,Q1 2019,1.8,,,,1,2019,8076
Flow Energy,Q1 2019,3.0,,,,1,2019,8076
Good Energy,Q1 2019,3.0,201.0,,28.2,1,2019,8076
Green Network Energy,Q1 2019,3.85,,,,1,2019,8076
Green Star Energy,Q1 2019,2.3,,,,1,2019,8076
Igloo Energy,Q1 2019,4.3,,,,1,2019,8076
Nabuh Energy,Q1 2019,1.65,,,,1,2019,8076
Octopus Energy,Q1 2019,4.05,78.65,,10.1,1,2019,8076
Outfox Energy,Q1 2019,2.1,162.0,,218.5,1,2019,8076
Ovo Energy,Q1 2019,2.8,1028.0,,24.1,1,2019,8076
PFP Energy,Q1 2019,2.55,,,,1,2019,8076
Pure Planet,Q1 2019,3.25,,,,1,2019,8076
Robin Hood Energy,Q1 2019,2.65,,,,1,2019,8076
SSE,Q1 2019,4.6,,,,1,2019,8076
Scottish Power,Q1 2019,3.45,135.0,,46.9,1,2019,8076
Shell Energy,Q1 2019,3.4,,,,1,2019,8076
So Energy,Q1 2019,4.3,178.7,,2.1,1,2019,8076
Solarplicity,Q1 2019,2.3,,,,1,2019,8076
TOTO Energy,Q1 2019,2.1,,,,1,2019,8076
Together Energy,Q1 2019,2.7,,,,1,2019,8076
Tonik Energy,Q1 2019,2.65,,,,1,2019,8076
Utilita,Q1 2019,1.8,422.0,,26.9,1,2019,8076
Utility Point,Q1 2019,3.0,,,,1,2019,8076
Utility Warehouse,Q1 2019,3.05,284.0,,18.2,1,2019,8076
Yorkshire Energy,Q1 2019,4.15,,,,1,2019,8076
iSupply,Q1 2019,2.15,,,,1,2019,8076
npower,Q1 2019,3.5,,,,1,2019,8076
Affect Energy,Q2 2019,3.5,,,,2,2019,8077
Avro Energy,Q2 2019,3.5,,,,2,2019,8077
Breeze Energy,Q2 2019,4.8,,,,2,2019,8077
Bristol Energy,Q2 2019,3.0,,,,2,2019,8077
British Gas,Q2 2019,3.85,150.37,,10.9,2,2019,8077
Bulb Energy,Q2 2019,3.75,,,,2,2019,8077
Co-op Energy,Q2 2019,3.35,90.0,,28.9,2,2019,8077
E (Gas and Electricity),Q2 2019,4.0,151.2,,3.4,2,2019,8077
E.ON Next,Q2 2019,3.35,154.0,,33.3,2,2019,8077
EDF Energy,Q2 2019,4.15,152.0,,9.1,2,2019,8077
ESB Energy,Q2 2019,3.55,,,,2,2019,8077
Ecotricity,Q2 2019,2.2,229.0,,24.7,2,2019,8077
Engie,Q2 2019,4.25,,,,2,2019,8077
Flow Energy,Q2 2019,2.85,,,,2,2019,8077
Good Energy,Q2 2019,3.05,55.0,,30.2,2,2019,8077
Green Network Energy,Q2 2019,3.95,,,,2,2019,8077
Green Star Energy,Q2 2019,2.15,,,,2,2019,8077
Igloo Energy,Q2 2019,4.4,,,,2,2019,8077
Nabuh Energy,Q2 2019,1.9,,,,2,2019,8077
Octopus Energy,Q2 2019,3.75,117.73,,6.9,2,2019,8077
Outfox Energy,Q2 2019,2.5,128.0,,111.1,2,2019,8077
Ovo Energy,Q2 2019,3.0,279.0,,26.4,2,2019,8077
PFP Energy,Q2 2019,2.65,,,,2,2019,8077
People's Energy Company,Q2 2019,3.4,,,,2,2019,8077
Pure Planet,Q2 2019,3.25,,,,2,2019,8077
Robin Hood Energy,Q2 2019,2.55,,,,2,2019,8077
SSE,Q2 2019,4.6,,,,2,2019,8077
Scottish Power,Q2 2019,3.2,105.0,,60.9,2,2019,8077
Shell Energy,Q2 2019,3.4,,,,2,2019,8077
So Energy,Q2 2019,4.4,39.9,,4.8,2,2019,8077
TOTO Energy,Q2 2019,2.1,,,,2,2019,8077
Together Energy,Q2 2019,2.9,,,,2,2019,8077
Tonik Energy,Q2 2019,2.85,,,,2,2019,8077
Utilita,Q2 2019,1.95,141.0,,30.6,2,2019,8077
Utility Point,Q2 2019,3.35,,,,2,2019,8077
Utility Warehouse,Q2 2019,3.4,176.0,,17.3,2,2019,8077
Yorkshire Energy,Q2 2019,3.6,,,,2,2019,8077
iSupply,Q2 2019,2.85,,,,2,2019,8077
npower,Q2 2019,3.65,,,,2,2019,8077
Affect Energy,Q3 2019,3.65,,,,3,2019,8078
Avro Energy,Q3 2019,3.5,,,,3,2019,8078
Boost Power,Q3 2019,2.75,,,,3,2019,8078
Breeze Energy,Q3 2019,4.8,,,,3,2019,8078
Bristol Energy,Q3 2019,3.3,,,,3,2019,8078
British Gas,Q3 2019,3.95,207.29,,14.8,3,2019,8078
Bulb Energy,Q3 2019,3.2,,,,3,2019,8078
Co-op Energy,Q3 2019,2.95,67.0,,41.1,3,2019,8078
E (Gas and Electricity),Q3 2019,3.81,83.0,,6.1,3,2019,8078
E.ON Next,Q3 2019,3.7,129.0,,28.0,3,2019,8078
EDF Energy,Q3 2019,4.25,153.0,,9.9,3,2019,8078
ESB Energy,Q3 2019,3.95,,,,3,2019,8078
Ecotricity,Q3 2019,2.4,212.0,,21.2,3,2019,8078
Engie,Q3 2019,4.05,,,,3,2019,8078
Good Energy,Q3 2019,3.25,43.0,,16.1,3,2019,8078
Green Network Energy,Q3 2019,3.6,,,,3,2019,8078
Green Star Energy,Q3 2019,2.2,,,,3,2019,8078
Igloo Energy,Q3 2019,4.0,,,,3,2019,8078
Nabuh Energy,Q3 2019,1.7,,,,3,2019,8078
Octopus Energy,Q3 2019,4.15,86.5,,6.9,3,2019,8078
Orbit Energy,Q3 2019,3.75,,,,3,2019,8078
Outfox Energy,Q3 2019,2.35,116.0,,58.8,3,2019,8078
Ovo Energy,Q3 2019,3.0,192.0,,29.6,3,2019,8078
PFP Energy,Q3 2019,3.0,,,,3,2019,8078
People's Energy Company,Q3 2019,3.6,,,,3,2019,8078
Pure Planet,Q3 2019,3.25,,,,3,2019,8078
Robin Hood Energy,Q3 2019,2.9,,,,3,2019,8078
SSE,Q3 2019,4.05,,,,3,2019,8078
Scottish Power,Q3 2019,3.25,88.0,,66.8,3,2019,8078
Shell Energy,Q3 2019,2.85,,,,3,2019,8078
So Energy,Q3 2019,4.4,46.9,,1.8,3,2019,8078
Spark Energy,Q3 2019,2.8,,,,3,2019,8078
Together Energy,Q3 2019,2.9,,,,3,2019,8078
Tonik Energy,Q3 2019,2.75,,,,3,2019,8078
Utilita,Q3 2019,2.1,395.0,,31.6,3,2019,8078
Utility Point,Q3 2019,3.6,,,,3,2019,8078
Utility Warehouse,Q3 2019,3.75,165.0,,14.0,3,2019,8078
Yorkshire Energy,Q3 2019,2.85,,,,3,2019,8078
iSupply,Q3 2019,3.1,,,,3,2019,8078
npower,Q3 2019,3.55,,,,3,2019,8078
Affect Energy,Q4 2019,3.55,,,,4,2019,8079
Avro Energy,Q4 2019,3.5,,,,4,2019,8079
Boost Power,Q4 2019,2.06,,,,4,2019,8079
Bristol Energy,Q4 2019,2.65,,,,4,2019,8079
British Gas,Q4 2019,3.95,210.0,,14.6,4,2019,8079
Bulb Energy,Q4 2019,3.2,,,,4,2019,8079
Co-op Energy,Q4 2019,3.75,117.0,,13.2,4,2019,8079
E (Gas and Electricity),Q4 2019,3.13,270.0,,6.4,4,2019,8079
E.ON Next,Q4 2019,3.35,191.0,,27.0,4,2019,8079
EDF Energy,Q4 2019,4.45,68.0,,11.0,4,2019,8079
ESB Energy,Q4 2019,4.05,,,,4,2019,8079
Ecotricity,Q4 2019,2.55,206.0,,17.7,4,2019,8079
Enstroga,Q4 2019,3.1,,,,4,2019,8079
Good Energy,Q4 2019,3.45,30.0,,21.3,4,2019,8079
Green Network Energy,Q4 2019,3.2,,,,4,2019,8079
Green Star Energy,Q4 2019,2.65,,,,4,2019,8079
Igloo Energy,Q4 2019,4.4,,,,4,2019,8079
M&S Energy,Q4 2019,4.35,,,,4,2019,8079
Nabuh Energy,Q4 2019,1.9,,,,4,2019,8079
Octopus Energy,Q4 2019,3.95,87.0,,13.2,4,2019,8079
Orbit Energy,Q4 2019,2.3,,,,4,2019,8079
Outfox Energy,Q4 2019,2.85,69.0,,41.7,4,2019,8079
Ovo Energy,Q4 2019,2.55,217.0,,36.8,4,2019,8079
PFP Energy,Q4 2019,2.9,,,,4,2019,8079
People's Energy Company,Q4 2019,3.65,,,,4,2019,8079
Pure Planet,Q4 2019,3.0,,,,4,2019,8079
Robin Hood Energy,Q4 2019,2.65,,,,4,2019,8079
SSE,Q4 2019,4.2,,,,4,2019,8079
Scottish Power,Q4 2019,3.2,112.0,,63.8,4,2019,8079
Shell Energy,Q4 2019,3.4,,,,4,2019,8079
So Energy,Q4 2019,4.4,34.0,,1.9,4,2019,8079
Spark Energy,Q4 2019,2.05,,,,4,2019,8079
Together Energy,Q4 2019,2.5,,,,4,2019,8079
Tonik Energy,Q4 2019,3.1,,,,4,2019,8079
Utilita,Q4 2019,1.65,218.0,,37.2,4,2019,8079
Utility Point,Q4 2019,3.1,,,,4,2019,8079
Utility Warehouse,Q4 2019,3.35,541.0,,13.8,4,2019,8079
Yorkshire Energy,Q4 2019,3.05,,,,4,2019,8079
iSupply,Q4 2019,3.1,,,,4,2019,8079
npower,Q4 2019,3.8,,,,4,2019,8079
100Green,Q1 2020,3.8,17.0,,,1,2020,8080
Affect Energy,Q1 2020,3.65,,,,1,2020,8080
Avro Energy,Q1 2020,3.95,,,,1,2020,8080
Boost Power,Q1 2020,2.06,,,,1,2020,8080
Bristol Energy,Q1 2020,2.1,,,,1,2020,8080
British Gas,Q1 2020,3.6,205.0,,22.2,1,2020,8080
Bulb Energy,Q1 2020,3.4,,,,1,2020,8080
Co-op Energy,Q1 2020,3.55,123.0,,14.2,1,2020,8080
E (Gas and Electricity),Q1 2020,2.88,375.0,,9.7,1,2020,8080
E.ON Next,Q1 2020,3.15,200.0,,31.7,1,2020,8080
EDF Energy,Q1 2020,3.7,227.0,,19.0,1,2020,8080
ESB Energy,Q1 2020,3.75,,,,1,2020,8080
Ecotricity,Q1 2020,2.4,254.0,,37.5,1,2020,8080
Enstroga,Q1 2020,3.0,,,,1,2020,8080
Good Energy,Q1 2020,3.4,32.0,,17.6,1,2020,8080
Green Network Energy,Q1 2020,3.15,,,,1,2020,8080
Igloo Energy,Q1 2020,4.6,,,,1,2020,8080
M&S Energy,Q1 2020,4.15,,,,1,2020,8080
Nabuh Energy,Q1 2020,1.7,,,,1,2020,8080
Octopus Energy,Q1 2020,3.85,103.0,,14.2,1,2020,8080
Orbit Energy,Q1 2020,2.55,,,,1,2020,8080
Outfox Energy,Q1 2020,3.6,50.0,,19.3,1,2020,8080
Ovo Energy,Q1 2020,2.75,125.0,,47.3,1,2020,8080
PFP Energy,Q1 2020,2.55,,,,1,2020,8080
People's Energy Company,Q1 2020,2.8,,,,1,2020,8080
Pure Planet,Q1 2020,3.1,,,,1,2020,8080
Robin Hood Energy,Q1 2020,2.1,,,,1,2020,8080
SSE,Q1 2020,3.85,,,,1,2020,8080
Scottish Power,Q1 2020,3.1,112.0,,70.3,1,2020,8080
Shell Energy,Q1 2020,3.05,,,,1,2020,8080
So Energy,Q1 2020,3.9,110.0,,3.6,1,2020,8080
Spark Energy,Q1 2020,2.05,,,,1,2020,8080
Together Energy,Q1 2020,2.3,,,,1,2020,8080
Tonik Energy,Q1 2020,2.55,,,,1,2020,8080
Utilita,Q1 2020,1.75,194.0,,53.4,1,2020,8080
Utility Point,Q1 2020,2.6,,,,1,2020,8080
Utility Warehouse,Q1 2020,3.0,383.0,,17.1,1,2020,8080
Yorkshire Energy,Q1 2020,2.75,,,,1,2020,8080
Zebra Power,Q1 2020,3.95,,,,1,2020,8080
npower,Q1 2020,3.6,,,,1,2020,8080
100Green,Q2 2020,4.45,25.0,,,2,2020,8081
Affect Energy,Q2 2020,3.2,,,,2,2020,8081
Avro Energy,Q2 2020,3.75,,,,2,2020,8081
Boost Power,Q2 2020,3.44,,,,2,2020,8081
Bristol Energy,Q2 2020,1.7,,,,2,2020,8081
British Gas,Q2 2020,3.7,104.0,,24.8,2,2020,8081
Bulb Energy,Q2 2020,3.8,,,,2,2020,8081
Co-op Energy,Q2 2020,4.0,81.54,,11.8,2,2020,8081
E (Gas and Electricity),Q2 2020,3.06,439.8,,6.8,2,2020,8081
E.ON Next,Q2 2020,3.7,145.0,,19.6,2,2020,8081
EDF Energy,Q2 2020,4.35,44.0,,14.1,2,2020,8081
ESB Energy,Q2 2020,3.5,,,,2,2020,8081
Ecotricity,Q2 2020,2.7,174.0,,35.1,2,2020,8081
Enstroga,Q2 2020,2.9,,,,2,2020,8081
Good Energy,Q2 2020,3.0,66.0,,19.2,2,2020,8081
Green Network Energy,Q2 2020,3.7,,,,2,2020,8081
Igloo Energy,Q2 2020,4.4,,,,2,2020,8081
M&S Energy,Q2 2020,4.35,,,,2,2020,8081
Nabuh Energy,Q2 2020,2.9,,,,2,2020,8081
Octopus Energy,Q2 2020,4.15,66.37,,11.8,2,2020,8081
Orbit Energy,Q2 2020,2.25,,,,2,2020,8081
Outfox Energy,Q2 2020,3.9,47.0,,15.2,2,2020,8081
Ovo Energy,Q2 2020,3.55,79.0,,13.2,2,2020,8081
PFP Energy,Q2 2020,3.0,,,,2,2020,8081
People's Energy Company,Q2 2020,3.15,,,,2,2020,8081
Pure Planet,Q2 2020,3.1,,,,2,2020,8081
SSE,Q2 2020,3.65,,,,2,2020,8081
Scottish Power,Q2 2020,3.3,57.0,,56.3,2,2020,8081
Shell Energy,Q2 2020,3.05,,,,2,2020,8081
So Energy,Q2 2020,4.6,13.0,,4.3,2,2020,8081
Spark Energy,Q2 2020,3.05,,,,2,2020,8081
Together Energy,Q2 2020,2.3,,,,2,2020,8081
Utilita,Q2 2020,2.15,160.94,,44.7,2,2020,8081
Utility Point,Q2 2020,3.25,,,,2,2020,8081
Utility Warehouse,Q2 2020,3.5,136.0,,9.8,2,2020,8081
Yorkshire Energy,Q2 2020,3.0,,,,2,2020,8081
Zebra Power,Q2 2020,3.95,,,,2,2020,8081
100Green,Q3 2020,4.65,15.0,99.91,13.6,3,2020,8082
Affect Energy,Q3 2020,4.15,,,,3,2020,8082
Avro Energy,Q3 2020,3.85,,,,3,2020,8082
Boost Power,Q3 2020,2.625,,,,3,2020,8082
British Gas,Q3 2020,3.45,257.0,98.0,21.62,3,2020,8082
Bulb Energy,Q3 2020,3.7,,,,3,2020,8082
Co-op Energy,Q3 2020,4.125,77.4,68.87,13.03,3,2020,8082
E (Gas and Electricity),Q3 2020,3.5,269.0,66.03,9.38,3,2020,8082
E.ON Next,Q3 2020,2.4,254.0,52.4,33.63,3,2020,8082
EDF Energy,Q3 2020,4.15,157.0,99.97,14.33,3,2020,8082
ESB Energy,Q3 2020,3.25,,,,3,2020,8082
Ecotricity,Q3 2020,2.45,171.0,70.3,46.07,3,2020,8082
Enstroga,Q3 2020,1.9,,,,3,2020,8082
Good Energy,Q3 2020,2.7,176.0,64.41,22.32,3,2020,8082
Green Network Energy,Q3 2020,3.55,,,,3,2020,8082
Igloo Energy,Q3 2020,3.9,,,,3,2020,8082
M&S Energy,Q3 2020,4.55,,,,3,2020,8082
Nabuh Energy,Q3 2020,2.1875,,,,3,2020,8082
Octopus Energy,Q3 2020,4.3,76.2,69.03,13.03,3,2020,8082
Orbit Energy,Q3 2020,1.9,,,,3,2020,8082
Outfox Energy,Q3 2020,4.05,156.0,88.66,11.78,3,2020,8082
Ovo Energy,Q3 2020,2.85,236.0,29.93,18.26,3,2020,8082
PFP Energy,Q3 2020,2.6,,,,3,2020,8082
People's Energy Company,Q3 2020,2.9,,,,3,2020,8082
Pure Planet,Q3 2020,2.75,,,,3,2020,8082
SSE,Q3 2020,3.2,,,,3,2020,8082
Scottish Power,Q3 2020,3.15,99.0,93.88,46.05,3,2020,8082
Shell Energy,Q3 2020,2.55,,,,3,2020,8082
So Energy,Q3 2020,4.35,68.0,43.02,3.92,3,2020,8082
Spark Energy,Q3 2020,2.45,,,,3,2020,8082
Together Energy,Q3 2020,3.1,,,,3,2020,8082
Utilita,Q3 2020,2.45,117.74,83.21,42.56,3,2020,8082
Utility Point,Q3 2020,3.35,,,,3,2020,8082
Utility Warehouse,Q3 2020,3.3,280.0,48.76,7.75,3,2020,8082
Zebra Power,Q3 2020,3.75,,,,3,2020,8082
100Green,Q4 2020,4.05,93.0,48.9,10.8,4,2020,8083
Affect Energy,Q4 2020,3.85,,,,4,2020,8083
Avro Energy,Q4 2020,3.5,,,,4,2020,8083
Boost Power,Q4 2020,2.88,,,,4,2020,8083
British Gas,Q4 2020,3.2,514.0,85.4,29.8,4,2020,8083
Bulb Energy,Q4 2020,2.95,,,,4,2020,8083
Co-op Energy,Q4 2020,4.15,126.0,65.0,12.7,4,2020,8083
E (Gas and Electricity),Q4 2020,3.44,405.0,93.4,12.2,4,2020,8083
E.ON Next,Q4 2020,2.35,400.0,71.4,32.0,4,2020,8083
EDF Energy,Q4 2020,4.0,175.0,100.0,18.4,4,2020,8083
ESB Energy,Q4 2020,2.35,,,,4,2020,8083
Ecotricity,Q4 2020,2.4,123.0,64.5,58.7,4,2020,8083
Enstroga,Q4 2020,2.2,,,,4,2020,8083
Good Energy,Q4 2020,2.55,182.0,77.7,24.8,4,2020,8083
Igloo Energy,Q4 2020,4.4,,,,4,2020,8083
M&S Energy,Q4 2020,4.4,,,,4,2020,8083
Nabuh Energy,Q4 2020,2.85,,,,4,2020,8083
Octopus Energy,Q4 2020,4.15,123.0,61.2,12.7,4,2020,8083
Orbit Energy,Q4 2020,1.5,,,,4,2020,8083
Outfox Energy,Q4 2020,4.25,138.0,93.6,10.3,4,2020,8083
Ovo Energy,Q4 2020,3.1,166.0,50.3,25.6,4,2020,8083
PFP Energy,Q4 2020,2.1,,,,4,2020,8083
People's Energy Company,Q4 2020,2.8,,,,4,2020,8083
Pure Planet,Q4 2020,2.85,,,,4,2020,8083
SSE,Q4 2020,2.8,,,,4,2020,8083
Scottish Power,Q4 2020,2.7,112.0,70.8,62.1,4,2020,8083
Shell Energy,Q4 2020,2.55,,,,4,2020,8083
So Energy,Q4 2020,3.45,481.0,21.1,6.1,4,2020,8083
Symbio,Q4 2020,1.55,,,,4,2020,8083
Together Energy,Q4 2020,3.1,,,,4,2020,8083
Utilita,Q4 2020,1.85,197.0,49.5,57.9,4,2020,8083
Utility Point,Q4 2020,2.5,,,,4,2020,8083
Utility Warehouse,Q4 2020,3.2,259.0,49.0,11.3,4,2020,8083
Zebra Power,Q4 2020,3.75,,,,4,2020,8083
goto.energy,Q4 2020,4.06,,,,4,2020,8083
100Green,Q1 2021,3.3,319.0,28.7,22.8,1,2021,8084
Affect Energy,Q1 2021,3.25,,,,1,2021,8084
Avro Energy,Q1 2021,3.5,,,,1,2021,8084
Boost Power,Q1 2021,3.5,,,,1,2021,8084
British Gas,Q1 2021,2.8,258.0,92.5,31.1,1,2021,8084
Bulb Energy,Q1 2021,3.35,,,,1,2021,8084
Co-op Energy,Q1 2021,3.6,192.0,49.2,12.7,1,2021,8084
E (Gas and Electricity),Q1 2021,3.94,127.0,99.2,9.9,1,2021,8084
E.ON Next,Q1 2021,2.45,560.0,52.8,39.8,1,2021,8084
EDF Energy,Q1 2021,3.85,249.0,100.0,17.8,1,2021,8084
ESB Energy,Q1 2021,3.2,,,,1,2021,8084
Ecotricity,Q1 2021,2.15,200.0,44.7,72.8,1,2021,8084
Enstroga,Q1 2021,2.8,,,,1,2021,8084
Good Energy,Q1 2021,2.65,145.0,80.2,30.6,1,2021,8084
Igloo Energy,Q1 2021,4.65,,,,1,2021,8084
M&S Energy,Q1 2021,4.2,,,,1,2021,8084
Octopus Energy,Q1 2021,3.85,177.0,54.0,12.7,1,2021,8084
Orbit Energy,Q1 2021,1.5,,,,1,2021,8084
Outfox Energy,Q1 2021,4.25,131.0,93.8,10.2,1,2021,8084
Ovo Energy,Q1 2021,3.45,55.0,86.9,28.1,1,2021,8084
PFP Energy,Q1 2021,2.4,,,,1,2021,8084
People's Energy Company,Q1 2021,1.65,,,,1,2021,8084
Pure Planet,Q1 2021,2.95,,,,1,2021,8084
SSE,Q1 2021,2.7,,,,1,2021,8084
Scottish Power,Q1 2021,2.5,173.0,33.0,57.3,1,2021,8084
Shell Energy,Q1 2021,2.7,,,,1,2021,8084
So Energy,Q1 2021,3.55,503.0,44.1,11.7,1,2021,8084
Symbio,Q1 2021,2.05,,,,1,2021,8084
Together Energy,Q1 2021,2.9,,,,1,2021,8084
Utilita,Q1 2021,2.15,211.0,70.2,43.9,1,2021,8084
Utility Point,Q1 2021,2.6,,,,1,2021,8084
Utility Warehouse,Q1 2021,3.05,538.0,49.0,11.9,1,2021,8084
Zebra Power,Q1 2021,3.4,,,,1,2021,8084
goto.energy,Q1 2021,3.7,,,,1,2021,8084
Affect Energy,Q2 2021,3.65,,,,2,2021,8085
Boost Power,Q2 2021,2.44,,,,2,2021,8085
British Gas,Q2 2021,3.0,188.0,87.5,31.1,2,2021,8085
Bulb Energy,Q2 2021,3.55,,,,2,2021,8085
Co-op Energy,Q2 2021,3.65,149.0,71.0,12.0,2,2021,8085
E (Gas and Electricity),Q2 2021,4.13,89.0,99.2,9.4,2,2021,8085
E.ON Next,Q2 2021,2.7,206.0,65.0,47.7,2,2021,8085
EDF Energy,Q2 2021,4.0,173.0,98.6,19.7,2,2021,8085
ESB Energy,Q2 2021,2.9,,,,2,2021,8085
Ecotricity,Q2 2021,2.0,448.0,51.9,71.1,2,2021,8085
Enstroga,Q2 2021,2.9,,,,2,2021,8085
Good Energy,Q2 2021,3.1,150.0,77.4,27.7,2,2021,8085
Igloo Energy,Q2 2021,4.15,,,,2,2021,8085
M&S Energy,Q2 2021,4.2,,,,2,2021,8085
Octopus Energy,Q2 2021,3.95,144.0,67.8,12.0,2,2021,8085
Orbit Energy,Q2 2021,2.0,,,,2,2021,8085
Outfox Energy,Q2 2021,4.25,135.0,93.5,10.9,2,2021,8085
Ovo Energy,Q2 2021,2.65,130.0,37.1,41.1,2,2021,8085
Pure Planet,Q2 2021,2.6,,,,2,2021,8085
SSE,Q2 2021,2.7,,,,2,2021,8085
Scottish Power,Q2 2021,2.7,125.0,75.9,69.2,2,2021,8085
Shell Energy,Q2 2021,3.1,,,,2,2021,8085
So Energy,Q2 2021,3.35,248.0,44.2,23.3,2,2021,8085
Symbio,Q2 2021,1.95,,,,2,2021,8085
Together Energy,Q2 2021,2.8,,,,2,2021,8085
Utilita,Q2 2021,2.65,69.0,95.0,31.3,2,2021,8085
Utility Warehouse,Q2 2021,3.25,343.0,49.0,13.2,2,2021,8085
Zebra Power,Q2 2021,3.8,,,,2,2021,8085
goto.energy,Q2 2021,4.25,,,,2,2021,8085
Affect Energy,Q3 2021,3.45,,,,3,2021,8086
Boost Power,Q3 2021,2.56,,,,3,2021,8086
British Gas,Q3 2021,2.65,376.0,93.1,31.1,3,2021,8086
Bulb Energy,Q3 2021,3.15,,,,3,2021,8086
Co-op Energy,Q3 2021,3.75,165.0,61.1,11.8,3,2021,8086
E (Gas and Electricity),Q3 2021,3.56,441.0,99.0,10.0,3,2021,8086
E.ON Next,Q3 2021,2.4,323.0,65.5,55.8,3,2021,8086
EDF Energy,Q3 2021,3.85,275.0,98.3,18.8,3,2021,8086
ESB Energy,Q3 2021,2.95,,,,3,2021,8086
Ecotricity,Q3 2021,2.1,544.0,53.8,75.8,3,2021,8086
Good Energy,Q3 2021,2.95,280.0,71.9,21.3,3,2021,8086
M&S Energy,Q3 2021,3.95,,,,3,2021,8086
Octopus Energy,Q3 2021,3.95,176.0,63.6,11.8,3,2021,8086
Outfox Energy,Q3 2021,3.75,190.0,89.6,25.0,3,2021,8086
Ovo Energy,Q3 2021,2.35,365.0,6.6,51.6,3,2021,8086
SSE,Q3 2021,2.75,,,,3,2021,8086
Scottish Power,Q3 2021,2.9,134.0,96.9,72.8,3,2021,8086
Shell Energy,Q3 2021,3.15,,,,3,2021,8086
So Energy,Q3 2021,3.45,102.0,61.6,36.3,3,2021,8086
Together Energy,Q3 2021,2.65,,,,3,2021,8086
Utilita,Q3 2021,2.7,164.0,26.7,27.3,3,2021,8086
Utility Warehouse,Q3 2021,3.15,740.0,47.1,13.7,3,2021,8086
Affect Energy,Q4 2021,3.75,,,,4,2021,8087
Boost Power,Q4 2021,1.88,,,,4,2021,8087
British Gas,Q4 2021,2.85,478.0,93.9,37.6,4,2021,8087
Bulb Energy,Q4 2021,3.3,,,,4,2021,8087
Co-op Energy,Q4 2021,3.65,148.0,56.4,13.4,4,2021,8087
E (Gas and Electricity),Q4 2021,3.13,491.0,97.9,25.2,4,2021,8087
E.ON Next,Q4 2021,2.9,295.0,76.0,54.8,4,2021,8087
EDF Energy,Q4 2021,3.85,284.0,98.0,22.4,4,2021,8087
Ecotricity,Q4 2021,2.1,962.0,50.9,71.0,4,2021,8087
Good Energy,Q4 2021,2.25,411.0,64.2,31.2,4,2021,8087
M&S Energy,Q4 2021,3.85,,,,4,2021,8087
Octopus Energy,Q4 2021,3.75,143.0,59.7,13.4,4,2021,8087
Outfox Energy,Q4 2021,3.05,223.0,87.5,59.5,4,2021,8087
Ovo Energy,Q4 2021,2.3,119.0,46.7,67.1,4,2021,8087
SSE,Q4 2021,2.6,,,,4,2021,8087
Scottish Power,Q4 2021,2.9,174.0,95.5,74.5,4,2021,8087
Shell Energy,Q4 2021,3.1,,,,4,2021,8087
So Energy,Q4 2021,3.7,44.0,82.9,51.3,4,2021,8087
Utilita,Q4 2021,1.7,282.0,18.7,61.4,4,2021,8087
Utility Warehouse,Q4 2021,3.25,801.0,36.1,14.2,4,2021,8087
Affect Energy,Q1 2022,3.15,,,,1,2022,8088
Boost Power,Q1 2022,2.44,,,,1,2022,8088
British Gas,Q1 2022,2.95,416.0,97.2,41.6,1,2022,8088
Bulb Energy,Q1 2022,3.2,,,,1,2022,8088
Co-op Energy,Q1 2022,3.15,244.0,44.6,18.4,1,2022,8088
E (Gas and Electricity),Q1 2022,3.13,539.0,97.5,28.0,1,2022,8088
E.ON Next,Q1 2022,2.4,470.0,70.7,55.3,1,2022,8088
EDF Energy,Q1 2022,3.6,360.0,91.4,28.6,1,2022,8088
Ecotricity,Q1 2022,2.3,944.0,54.5,88.0,1,2022,8088
Good Energy,Q1 2022,2.95,184.0,66.2,25.8,1,2022,8088
M&S Energy,Q1 2022,3.05,,,,1,2022,8088
Octopus Energy,Q1 2022,3.15,257.0,49.1,18.4,1,2022,8088
Outfox Energy,Q1 2022,3.25,436.0,81.8,42.1,1,2022,8088
Ovo Energy,Q1 2022,2.1,306.0,48.3,58.2,1,2022,8088
SSE,Q1 2022,2.45,,,,1,2022,8088
Scottish Power,Q1 2022,3.0,175.0,86.0,65.0,1,2022,8088
Shell Energy,Q1 2022,2.95,,,,1,2022,8088
So Energy,Q1 2022,2.6,719.0,37.1,56.6,1,2022,8088
Utilita,Q1 2022,1.6,200.0,19.0,79.3,1,2022,8088
Utility Warehouse,Q1 2022,3.05,1003.0,64.0,14.7,1,2022,8088
Affect Energy,Q2 2022,3.3,,,,2,2022,8089
Boost Power,Q2 2022,2.25,,,,2,2022,8089
British Gas,Q2 2022,2.85,338.0,89.6,44.4,2,2022,8089
Bulb Energy,Q2 2022,3.05,,,,2,2022,8089
Co-op Energy,Q2 2022,3.15,223.0,59.9,18.1,2,2022,8089
E (Gas and Electricity),Q2 2022,2.69,491.0,98.2,43.5,2,2022,8089
E.ON Next,Q2 2022,2.7,383.0,73.7,53.8,2,2022,8089
EDF Energy,Q2 2022,3.5,212.0,99.0,32.7,2,2022,8089
Ecotricity,Q2 2022,2.4,350.0,62.3,83.0,2,2022,8089
Good Energy,Q2 2022,2.4,492.0,56.9,16.8,2,2022,8089
M&S Energy,Q2 2022,3.2,,,,2,2022,8089
Octopus Energy,Q2 2022,3.25,205.0,61.1,18.1,2,2022,8089
Outfox Energy,Q2 2022,3.15,408.0,78.2,32.8,2,2022,8089
Ovo Energy,Q2 2022,2.25,300.0,41.0,72.8,2,2022,8089
SSE,Q2 2022,2.3,,,,2,2022,8089
Scottish Power,Q2 2022,2.85,229.0,85.2,80.5,2,2022,8089
Shell Energy,Q2 2022,2.6,,,,2,2022,8089
So Energy,Q2 2022,2.7,317.0,40.2,78.4,2,2022,8089
Utilita,Q2 2022,1.75,235.0,28.7,112.4,2,2022,8089
Utility Warehouse,Q2 2022,2.7,835.0,71.4,19.7,2,2022,8089
Affect Energy,Q3 2022,3.05,,,,3,2022,8090
Boost Power,Q3 2022,2.25,,,,3,2022,8090
British Gas,Q3 2022,2.75,324.0,93.8,53.1,3,2022,8090
Bulb Energy,Q3 2022,2.9,,,,3,2022,8090
Co-op Energy,Q3 2022,3.05,207.0,42.4,18.6,3,2022,8090
E (Gas and Electricity),Q3 2022,2.13,729.0,80.9,57.9,3,2022,8090
E.ON Next,Q3 2022,2.4,393.0,68.8,55.6,3,2022,8090
EDF Energy,Q3 2022,3.65,172.0,98.9,36.1,3,2022,8090
Ecotricity,Q3 2022,2.6,131.0,67.2,180.3,3,2022,8090
Good Energy,Q3 2022,2.7,543.0,61.6,23.5,3,2022,8090
M&S Energy,Q3 2022,3.4,,,,3,2022,8090
Octopus Energy,Q3 2022,3.05,220.0,23.2,18.6,3,2022,8090
Outfox Energy,Q3 2022,3.25,509.0,93.8,37.4,3,2022,8090
Ovo Energy,Q3 2022,2.0,336.0,59.5,81.8,3,2022,8090
SSE,Q3 2022,2.2,,,,3,2022,8090
Scottish Power,Q3 2022,2.95,230.0,95.2,83.1,3,2022,8090
Shell Energy,Q3 2022,2.9,,,,3,2022,8090
So Energy,Q3 2022,3.1,176.0,68.4,119.4,3,2022,8090
Utilita,Q3 2022,1.75,227.0,35.7,128.8,3,2022,8090
Utility Warehouse,Q3 2022,2.9,955.0,56.3,27.6,3,2022,8090
Affect Energy,Q4 2022,3.05,,,,4,2022,8091
Boost Power,Q4 2022,2.9,,,,4,2022,8091
British Gas,Q4 2022,1.875,419.0,85.6,70.9,4,2022,8091
Bulb Energy,Q4 2022,2.5,,,,4,2022,8091
Co-op Energy,Q4 2022,3.05,254.0,32.5,18.8,4,2022,8091
E (Gas and Electricity),Q4 2022,2.125,980.0,85.0,80.2,4,2022,8091
E.ON Next,Q4 2022,2.2,1037.0,57.4,69.2,4,2022,8091
EDF Energy,Q4 2022,3.35,685.0,95.8,42.3,4,2022,8091
Ecotricity,Q4 2022,2.8,233.0,70.5,37.4,4,2022,8091
Good Energy,Q4 2022,2.75,521.0,67.5,30.6,4,2022,8091
M&S Energy,Q4 2022,3.7,,,,4,2022,8091
Octopus Energy,Q4 2022,3.35,262.0,33.5,18.8,4,2022,8091
Outfox Energy,Q4 2022,3.7,471.0,96.0,22.9,4,2022,8091
Ovo Energy,Q4 2022,1.9,313.0,39.2,103.9,4,2022,8091
SSE,Q4 2022,1.89,,,,4,2022,8091
Scottish Power,Q4 2022,2.6,330.0,72.8,115.2,4,2022,8091
Shell Energy,Q4 2022,3.05,,,,4,2022,8091
So Energy,Q4 2022,3.0,104.0,48.7,101.9,4,2022,8091
Utilita,Q4 2022,1.5,413.0,18.8,169.6,4,2022,8091
Utility Warehouse,Q4 2022,3.0,240.0,76.1,38.3,4,2022,8091
Affect Energy,Q1 2023,3.25,,,,1,2023,8092
Boost Power,Q1 2023,1.88,,,,1,2023,8092
British Gas,Q1 2023,2.5,319.0,81.6,93.3,1,2023,8092
Bulb Energy,Q1 2023,2.8,,,,1,2023,8092
Co-op Energy,Q1 2023,3.25,211.0,53.3,21.8,1,2023,8092
E (Gas and Electricity),Q1 2023,2.13,448.0,88.7,103.5,1,2023,8092
E.ON Next,Q1 2023,2.6,320.0,71.7,76.5,1,2023,8092
EDF Energy,Q1 2023,3.15,254.0,98.9,58.2,1,2023,8092
Ecotricity,Q1 2023,3.15,121.0,82.0,36.5,1,2023,8092
Good Energy,Q1 2023,2.55,435.0,77.2,30.7,1,2023,8092
Octopus Energy,Q1 2023,3.65,165.0,51.4,21.8,1,2023,8092
Outfox Energy,Q1 2023,3.35,235.0,98.3,28.7,1,2023,8092
Ovo Energy,Q1 2023,2.25,220.0,44.9,125.5,1,2023,8092
SSE,Q1 2023,2.17,,,,1,2023,8092
Scottish Power,Q1 2023,2.85,234.0,87.8,126.6,1,2023,8092
Shell Energy,Q1 2023,3.5,,,,1,2023,8092
So Energy,Q1 2023,2.4,385.0,22.0,157.6,1,2023,8092
Utilita,Q1 2023,1.7,412.0,27.7,207.3,1,2023,8092
Utility Warehouse,Q1 2023,2.75,199.0,96.1,61.8,1,2023,8092
Affect Energy,Q2 2023,3.1,,,,2,2023,8093
Boost Power,Q2 2023,2.38,,,,2,2023,8093
British Gas,Q2 2023,2.45,206.0,91.4,100.1,2,2023,8093
Co-op Energy,Q2 2023,3.1,315.0,57.1,27.8,2,2023,8093
E (Gas and Electricity),Q2 2023,2.63,122.0,100.0,81.7,2,2023,8093
E.ON Next,Q2 2023,2.9,135.0,75.9,70.4,2,2023,8093
EDF Energy,Q2 2023,3.45,58.0,97.3,66.5,2,2023,8093
Ecotricity,Q2 2023,3.3,68.0,82.6,39.3,2,2023,8093
Good Energy,Q2 2023,2.75,325.0,75.1,36.1,2,2023,8093
Octopus Energy,Q2 2023,3.3,224.0,56.8,27.8,2,2023,8093
Outfox Energy,Q2 2023,3.65,51.0,100.0,21.8,2,2023,8093
Ovo Energy,Q2 2023,2.9,99.0,62.3,142.7,2,2023,8093
SSE,Q2 2023,1.83,,,,2,2023,8093
Scottish Power,Q2 2023,3.1,119.0,97.7,136.5,2,2023,8093
Shell Energy,Q2 2023,3.5,,,,2,2023,8093
So Energy,Q2 2023,2.8,140.0,46.1,138.6,2,2023,8093
Utilita,Q2 2023,1.9,223.0,58.2,170.5,2,2023,8093
Utility Warehouse,Q2 2023,2.75,219.0,96.3,66.0,2,2023,8093
Boost Power,Q3 2023,2.39,,,,3,2023,8094
British Gas,Q3 2023,1.84,329.0,61.22,92.8,3,2023,8094
Co-op Energy,Q3 2023,2.52,299.0,67.66,32.3,3,2023,8094
E (Gas and Electricity),Q3 2023,3.07,64.0,100.0,68.1,3,2023,8094
E.ON Next,Q3 2023,2.5,178.0,71.35,62.7,3,2023,8094
EDF Energy,Q3 2023,2.94,132.0,96.97,66.4,3,2023,8094
Ecotricity,Q3 2023,3.2,61.0,85.0,34.4,3,2023,8094
Good Energy,Q3 2023,2.32,246.0,69.46,48.8,3,2023,8094
Octopus Energy,Q3 2023,2.52,290.0,66.11,32.3,3,2023,8094
Outfox Energy,Q3 2023,3.31,216.0,98.75,21.2,3,2023,8094
Ovo Energy,Q3 2023,2.72,119.0,87.18,139.8,3,2023,8094
Scottish Power,Q3 2023,2.94,109.0,98.0,119.4,3,2023,8094
Shell Energy,Q3 2023,3.75,,,,3,2023,8094
So Energy,Q3 2023,1.73,252.0,36.34,103.4,3,2023,8094
Utilita,Q3 2023,1.56,376.0,88.08,147.3,3,2023,8094
Utility Warehouse,Q3 2023,2.19,263.0,92.81,59.0,3,2023,8094
Boost Power,Q4 2023,2.19,,,,4,2023,8095
British Gas,Q4 2023,1.84,329.0,67.9,97.1,4,2023,8095
Co-op Energy,Q4 2023,2.19,317.0,67.8,36.1,4,2023,8095
E (Gas and Electricity),Q4 2023,3.07,37.0,100.0,105.9,4,2023,8095
E.ON Next,Q4 2023,3.29,87.0,77.7,52.6,4,2023,8095
EDF Energy,Q4 2023,2.39,242.0,91.9,60.1,4,2023,8095
Ecotricity,Q4 2023,2.87,110.0,94.2,30.7,4,2023,8095
Good Energy,Q4 2023,2.87,157.0,82.2,31.1,4,2023,8095
Octopus Energy,Q4 2023,2.52,289.0,67.3,36.1,4,2023,8095
Outfox Energy,Q4 2023,3.31,290.0,99.3,25.7,4,2023,8095
Ovo Energy,Q4 2023,2.72,147.0,81.7,121.8,4,2023,8095
Scottish Power,Q4 2023,2.94,111.0,98.0,94.8,4,2023,8095
Shell Energy,Q4 2023,3.75,,,,4,2023,8095
So Energy,Q4 2023,1.4,473.0,25.7,109.6,4,2023,8095
Utilita,Q4 2023,1.75,369.0,95.0,174.6,4,2023,8095
Utility Warehouse,Q4 2023,3.09,138.0,96.3,54.8,4,2023,8095
Boost Power,Q1 2024,2.52,,,,1,2024,8096
British Gas,Q1 2024,2.39,207.0,87.8,109.4,1,2024,8096
Co-op Energy,Q1 2024,2.52,228.0,72.0,33.7,1,2024,8096
E (Gas and Electricity),Q1 2024,3.07,38.0,100.0,92.6,1,2024,8096
E.ON Next,Q1 2024,2.96,119.0,68.4,48.6,1,2024,8096
EDF Energy,Q1 2024,2.06,301.0,83.4,64.6,1,2024,8096
Ecotricity,Q1 2024,3.77,37.0,97.0,26.6,1,2024,8096
Good Energy,Q1 2024,2.87,119.0,90.2,33.5,1,2024,8096
Octopus Energy,Q1 2024,2.52,211.0,70.3,33.7,1,2024,8096
Outfox Energy,Q1 2024,3.31,208.0,99.6,21.3,1,2024,8096
Ovo Energy,Q1 2024,3.27,64.0,95.9,109.2,1,2024,8096
Rebel Energy,Q1 2024,2.55,,,,1,2024,8096
Scottish Power,Q1 2024,2.94,107.0,96.8,83.7,1,2024,8096
So Energy,Q1 2024,2.5,91.0,77.4,116.2,1,2024,8096
Utilita,Q1 2024,2.08,298.0,98.0,150.4,1,2024,8096
Utility Warehouse,Q1 2024,3.09,115.0,96.4,47.9,1,2024,8096
British Gas,Q2 2024,2.94,102.0,96.4,96.0,2,2024,8097
Co-op Energy,Q2 2024,3.07,156.0,81.4,31.1,2,2024,8097
E (Gas and Electricity),Q2 2024,3.42,34.0,100.0,53.8,2,2024,8097
E.ON Next,Q2 2024,3.07,122.0,83.4,42.7,2,2024,8097
EDF Energy,Q2 2024,2.41,363.0,85.0,46.7,2,2024,8097
Ecotricity,Q2 2024,3.77,36.0,96.4,18.1,2,2024,8097
Good Energy,Q2 2024,3.22,110.0,89.1,24.7,2,2024,8097
Octopus Energy,Q2 2024,2.85,148.0,77.3,31.1,2,2024,8097
Outfox Energy,Q2 2024,3.29,113.0,99.6,33.6,2,2024,8097
Ovo Energy,Q2 2024,3.27,43.0,96.8,73.1,2,2024,8097
Rebel Energy,Q2 2024,2.68,,,,2,2024,8097
Scottish Power,Q2 2024,3.27,81.0,95.5,57.8,2,2024,8097
So Energy,Q2 2024,3.05,63.0,85.7,75.4,2,2024,8097
Utilita,Q2 2024,1.86,344.0,93.5,93.7,2,2024,8097
Utility Warehouse,Q2 2024,3.42,71.0,98.0,41.9,2,2024,8097
British Gas,Q3 2024,3.27,82.0,96.0,77.4,3,2024,8098
Co-op Energy,Q3 2024,3.42,140.0,83.6,27.6,3,2024,8098
E (Gas and Electricity),Q3 2024,3.75,27.0,100.0,36.0,3,2024,8098
E.ON Next,Q3 2024,3.07,161.0,80.2,39.3,3,2024,8098
EDF Energy,Q3 2024,2.74,280.0,84.8,36.9,3,2024,8098
Ecotricity,Q3 2024,3.55,43.0,89.0,21.4,3,2024,8098
Good Energy,Q3 2024,3.22,133.0,84.0,23.3,3,2024,8098
Octopus Energy,Q3 2024,3.2,164.0,79.9,27.6,3,2024,8098
Outfox Energy,Q3 2024,3.64,143.0,100.0,22.6,3,2024,8098
Ovo Energy,Q3 2024,3.62,80.0,96.7,54.6,3,2024,8098
Rebel Energy,Q3 2024,1.78,,,,3,2024,8098
Scottish Power,Q3 2024,3.62,88.0,98.6,47.9,3,2024,8098
So Energy,Q3 2024,2.5,180.0,74.1,66.8,3,2024,8098
Tru Energy,Q3 2024,2.81,277.0,96.5,23.4,3,2024,8098
Utilita,Q3 2024,2.74,105.0,96.0,61.6,3,2024,8098
Utility Warehouse,Q3 2024,3.77,63.0,98.7,25.9,3,2024,8098
British Gas,Q4 2024,3.27,81.0,96.79,81.3,4,2024,8099
Co-op Energy,Q4 2024,2.4,81.0,91.98,30.1,4,2024,8099
E (Gas and Electricity),Q4 2024,3.42,79.0,100.0,54.1,4,2024,8099
E.ON Next,Q4 2024,3.07,96.0,84.44,39.4,4,2024,8099
EDF Energy,Q4 2024,2.74,241.0,85.87,35.5,4,2024,8099
Ecotricity,Q4 2024,3.22,97.0,83.34,17.5,4,2024,8099
Good Energy,Q4 2024,3.57,145.0,83.13,9.7,4,2024,8099
Octopus Energy,Q4 2024,3.4,85.0,90.42,30.1,4,2024,8099
Outfox Energy,Q4 2024,3.64,126.0,100.0,20.6,4,2024,8099
Ovo Energy,Q4 2024,3.62,89.0,97.06,50.2,4,2024,8099
Rebel Energy,Q4 2024,2.35,,,,4,2024,8099
Scottish Power,Q4 2024,3.62,85.0,96.13,46.7,4,2024,8099
So Energy,Q4 2024,2.5,121.0,73.48,74.5,4,2024,8099
Tru Energy,Q4 2024,2.59,276.0,90.27,13.7,4,2024,8099
Utilita,Q4 2024,2.52,95.0,93.55,94.7,4,2024,8099
Utility Warehouse,Q4 2024,3.77,74.0,99.31,25.3,4,2024,8099
100Green,Q1 2025,3.93,17.0,92.4,7.3,1,2025,8100
British Gas,Q1 2025,2.94,149.0,97.4,72.7,1,2025,8100
Co-op Energy,Q1 2025,3.42,98.0,83.5,25.6,1,2025,8100
E (Gas and Electricity),Q1 2025,3.07,33.0,100.0,65.7,1,2025,8100
E.ON Next,Q1 2025,3.07,101.0,87.0,34.9,1,2025,8100
EDF Energy,Q1 2025,2.74,292.0,80.3,38.4,1,2025,8100
Ecotricity,Q1 2025,3.75,67.0,92.7,19.3,1,2025,8100
Good Energy,Q1 2025,3.22,140.0,81.1,19.5,1,2025,8100
Octopus Energy,Q1 2025,3.42,101.0,83.0,25.6,1,2025,8100
Outfox Energy,Q1 2025,3.64,152.0,99.5,20.0,1,2025,8100
Ovo Energy,Q1 2025,3.62,69.0,97.4,45.0,1,2025,8100
Scottish Power,Q1 2025,3.62,87.0,96.5,47.6,1,2025,8100
So Energy,Q1 2025,2.17,259.0,74.5,71.7,1,2025,8100
Tru Energy,Q1 2025,2.59,226.0,88.7,21.5,1,2025,8100
Utilita,Q1 2025,2.19,210.0,88.9,107.9,1,2025,8100
Utility Warehouse,Q1 2025,3.22,169.0,89.4,27.4,1,2025,8100
100Green,Q2 2025,4.5,17.0,95.6,3.7,2,2025,8101
British Gas,Q2 2025,2.94,140.0,95.5,68.6,2,2025,8101
Co-op Energy,Q2 2025,3.75,55.0,91.4,20.2,2,2025,8101
E (Gas and Electricity),Q2 2025,3.75,26.0,100.0,51.6,2,2025,8101
E.ON Next,Q2 2025,3.07,94.0,82.1,31.5,2,2025,8101
EDF Energy,Q2 2025,2.74,267.0,80.5,33.5,2,2025,8101
Ecotricity,Q2 2025,3.75,67.0,94.7,22.5,2,2025,8101
Good Energy,Q2 2025,3.22,122.0,83.2,19.2,2,2025,8101
Octopus Energy,Q2 2025,3.75,57.0,99.3,20.2,2,2025,8101
Outfox Energy,Q2 2025,3.64,96.0,99.3,22.5,2,2025,8101
Ovo Energy,Q2 2025,3.62,67.0,97.4,40.8,2,2025,8101
Scottish Power,Q2 2025,3.62,61.0,96.6,49.2,2,2025,8101
So Energy,Q2 2025,2.28,161.0,49.0,70.4,2,2025,8101
Tru Energy,Q2 2025,2.04,1121.0,73.7,27.5,2,2025,8101
Utilita,Q2 2025,1.97,231.0,75.3,83.0,2,2025,8101
Utility Warehouse,Q2 2025,3.55,81.0,93.8,29.8,2,2025,8101
100Green,Q3 2025,3.8,14.0,95.2,16.0,3,2025,8102
British Gas,Q3 2025,2.94,145.0,98.0,80.1,3,2025,8102
Co-op Energy,Q3 2025,3.75,74.0,88.9,24.1,3,2025,8102
E (Gas and Electricity),Q3 2025,3.75,25.0,100.0,46.8,3,2025,8102
E.ON Next,Q3 2025,3.07,101.0,90.1,31.1,3,2025,8102
EDF Energy,Q3 2025,2.19,386.0,78.2,39.4,3,2025,8102
Ecotricity,Q3 2025,4.1,54.0,92.5,11.3,3,2025,8102
Good Energy,Q3 2025,3.57,122.0,84.1,11.6,3,2025,8102
Octopus Energy,Q3 2025,3.75,87.0,87.2,24.1,3,2025,8102
Outfox Energy,Q3 2025,3.97,84.0,98.9,26.8,3,2025,8102
Ovo Energy,Q3 2025,2.74,227.0,82.8,39.9,3,2025,8102
Scottish Power,Q3 2025,3.62,87.0,98.7,49.0,3,2025,8102
So Energy,Q3 2025,1.95,282.0,53.7,64.7,3,2025,8102
Tru Energy,Q3 2025,1.91,834.0,81.7,41.0,3,2025,8102
Utilita,Q3 2025,2.41,195.0,98.1,72.5,3,2025,8102
Utility Warehouse,Q3 2025,3.2,86.0,90.0,34.2,3,2025,8102
100Green,Q4 2025,3.62,10.0,96.9,17.9,4,2025,8103
British Gas,Q4 2025,2.28,91.0,97.1,73.5,4,2025,8103
Co-op Energy,Q4 2025,3.75,75.0,91.4,21.8,4,2025,8103
E (Gas and Electricity),Q4 2025,3.22,52.0,100.0,71.3,4,2025,8103
E.ON Next,Q4 2025,3.71,116.0,90.6,29.4,4,2025,8103
EDF Energy,Q4 2025,2.6,257.0,77.9,44.6,4,2025,8103
Ecotricity,Q4 2025,3.93,46.0,93.5,13.0,4,2025,8103
Good Energy,Q4 2025,3.46,154.0,82.5,13.4,4,2025,8103
Octopus Energy,Q4 2025,3.78,72.0,90.4,21.8,4,2025,8103
Outfox Energy,Q4 2025,3.9,75.0,99.5,23.4,4,2025,8103
Ovo Energy,Q4 2025,2.76,254.0,83.6,42.6,4,2025,8103
Scottish Power,Q4 2025,3.11,80.0,98.7,52.4,4,2025,8103
So Energy,Q4 2025,2.7,90.0,86.8,64.2,4,2025,8103
Tru Energy,Q4 2025,1.9,285.0,86.7,46.7,4,2025,8103
Utilita,Q4 2025,2.24,119.0,97.3,130.6,4,2025,8103
Utility Warehouse,Q4 2025,2.66,176.0,69.7,34.4,4,2025,8103
100Green,Q1 2026,4.33,7.0,90.86,14.4,1,2026,8104
British Gas,Q1 2026,2.61,51.0,97.94,68.7,1,2026,8104
Co-op Energy,Q1 2026,3.63,74.0,87.05,21.3,1,2026,8104
E (Gas and Electricity),Q1 2026,3.22,60.0,100.0,70.6,1,2026,8104
E.ON Next,Q1 2026,3.71,123.0,90.69,29.8,1,2026,8104
EDF Energy,Q1 2026,2.9,166.0,85.56,47.6,1,2026,8104
Ecotricity,Q1 2026,3.36,45.0,95.2,21.5,1,2026,8104
Good Energy,Q1 2026,3.49,122.0,79.3,10.9,1,2026,8104
Octopus Energy,Q1 2026,3.67,77.0,86.12,21.3,1,2026,8104
Outfox Energy,Q1 2026,4.25,77.0,100.0,16.3,1,2026,8104
Ovo Energy,Q1 2026,3.3,93.0,98.5,39.5,1,2026,8104
Scottish Power,Q1 2026,2.94,76.0,94.3,61.8,1,2026,8104
So Energy,Q1 2026,2.86,66.0,91.25,57.1,1,2026,8104
Tru Energy,Q1 2026,1.38,276.0,74.3,62.4,1,2026,8104
Utilita,Q1 2026,2.35,60.0,98.19,164.0,1,2026,8104
Utility Warehouse,Q1 2026,2.45,436.0,40.54,38.1,1,2026,8104
